,Coef.,Std.Err.,t,P>|t|,[0.025,0.975]
Intercept,5.996930835329103,3.722399644975489,1.6110389553211424,0.10851351957723188,-1.336606161016503,13.330467831674708
C(group)[T.treat],4.356753905533927,0.8612745532458299,5.058496026748856,8.515286418898669e-07,2.659948241809736,6.053559569258118
C(sex)[T.M],0.10413284031939352,0.853371152088213,0.12202526422949589,0.9029832926952778,-1.5771022532580432,1.7853679338968302
pre,0.9771606969030364,0.04589283697910016,21.29222687514482,9.181278690633776e-57,0.8867467569845285,1.0675746368215442
age,-0.057172689823549394,0.10258044817923469,-0.557344901863305,0.5778222732814526,-0.25926746297332615,0.14492208332622733
